qid,query
q06225335,onlinevideoconverter
q06228855,thermal curtain
q06221552,white water
q06224914,port car rental
q06229550,taxation
q062217064,personal space pole employment
q062219373,food box
q062221016,energy savings
q062213211,consumption electric car
q062217888,my personal space
q06221574,the vietnam war
q06221466,taxes and duties
q062218529,water collector
q06223943,cooking periwinkle
q06222449,free network problem
q062221161,ohm energy
q062224393,plant potatoes
q062210947,war of the gauls
q06222937,judicial tribunal blois
q062210089,roadworthiness tests
q062225197,cheapest car
q06221322,war of spain
q062221320,place in public employment
q06227974,nice car rental
q062224551,prices cars
q062213313,cooking veal roti
q062219166,appart hotel nanterre
q06226031,terrence malik
q062219498,non resident tax centre
q062215377,bordeaux ring ring road dir
q06225974,fuel tax
q06225539,national police
q062224291,air water pac
q062216669,compress a video file
q062223911,malt car rental
q06221204,training pole employment
q062224961,land of france
q062220046,edf customer space
q062217345,horoscope gemeaux
q062221293,on call pharmacy
q06225371,solar panel self consumption
q06221949,best hybrid car
q06226630,land bumblebee
q062219188,land force
q062218724,download video facebook
q062223524,earth globe
q062217651,car rental usa
q06223096,visit the castles of the loire
q062222982,potato croquette
q062217916,electric motor car
q062216756,multiple job retirement
q062220780,used car rental
q062211672,potatoes
q06223827,how to make money
q062214360,dublin car rental
q062218308,energy
q062220819,act
q062216979,mechanical energy
q062221847,tax rates
q06229333,used car
q062213817,walnut gateau
q06228910,saone and loire
q062214666,water engine
q06229033,car size
q062217088,tax estimate
q062215093,barbecued potatoes
q06226074,toutsurmoneau
q062221554,cake recipe
q06228757,recipe gateau
q06224513,police ranks
q062216155,car insurance
q06228014,law of denormandie
q06224921,rental cars
q06222573,renault space v
q062220442,sugar free cake
q06226439,application
q062223900,rental car avignon
q062224315,self consumption solar panels
q062212033,lamb mice
q062215018,pole employment employer
q062224549,price new car
q062215536,suep police
q062211015,leasing electric car
q062212863,energy premium
q062224086,better antivirus
q06228774,recipe saut ed potato
q06229484,free antivirus android
q062224735,curtain the redoubt
q06225784,car retrofit
q06222437,primevideo
q062223622,weekly horoscope of the verse
q062214880,papillomavirus
q062287,antivirus comparison
q06224908,car rental month
q062215231,recipe lamb
q062211621,job applicant
q062215033,recruitment
q0622723,pole emploi collective agreement
q062218212,pole job simulator
q062217288,donbass war
q062220793,binomial law
q06225808,veal roti
q06229482,online antivirus
q062213189,comparative car rental
q062215076,potato cephora
q062220762,one way car rental
q06227629,indochina war
q062217348,hotel blois
q06226792,electric car charger
q062222431,car battery
q06226249,autonomous car
q062211866,relays and castles
q0622724,convert video to mp3
q06225671,what car to buy
q062211723,employment bonus
q062218513,rome pole emploi
q06221138,exemption property tax
q062212404,www chequeenergie gouv fr
q06228125,malakoff mederic space client
q062222896,comparative plug in hybrid car
q062215108,public service employment portal
q062224848,sophie marceau
q06227984,free video software
q062219081,waterfowl
q06223687,energy cheque
q062218815,tv entertainment
q062221996,selling my car
q06225169,mk2 wharf
q06225490,weight of a car
q062222971,cpam bordeaux
q06224681,tax bracket
q062214497,maine et loire
q062211077,software video editing
q062210665,semolina gateau
q062219608,solar water heater
q062219091,purchase car
q06221247,apple cake
q0622821,date second world war
q062222593,caf my space
q062224669,reduce taxes
q06228666,energy premiums
q0622396,capture a video on the internet
q062215456,sausage
q062214358,corsican car rental
q06226763,in the case of the
q062210081,consumption water home
q06226450,money 925
q06223284,retirement insurance my space
q062214069,taxes pacs
q06227796,bordeaux traffic info
q0622984,seasonal employment
q06225560,salad potatoes
q062224420,pole employment personal space
q06229038,carpets
q062224117,office furniture
q062215344,reserve operations police
q06228433,solar thermal panel
q06221312,groupama customer space
q062218733,cooking time leeks
q06225698,apple gateau recipe
q062220131,space auto quimper
q062218998,car without an electric licence
q06226871,water heater
q06227100,cook potatoes
q06223117,thermal car
q06224028,dimensions cars
q062218267,water pump
q062220336,no bake cake
q06225642,mashed potatoes
q062212790,mothers feast gift
q062219963,download facebook video
q06224521,potato gratin
q062212840,atlantic map
q06222625,the curtain
q062220463,history car
q062211166,rent a car
q062211624,employment
q06222532,recipe elderberry lemonade
q06224454,lemon gateau
q062220280,free space subscribers
q06225124,best antivirus 2022
q062212375,cheap new car
q062228,airport
q062212207,downloaded video
q062219889,cv pole emploi
q06228685,antivirus protection
q062215823,video download
q062222955,car cushion
q06228311,steam cleaner car
q06223889,cut a video
q06222307,ground pear
q06225924,blinds and curtains
q06226607,blois
q062218796,trafficking
q062213802,pineapple gateau
q06228496,paintbrushes and watercolour
q062221194,computer desktop
q062222128,ethanol car
q06224496,elderberry flower jelly
q062222757,chicago police department
q062212426,youtube video download
q062223882,terrestrial ivy
q062218305,energy savings bonus
q06222651,spring roll
q062216008,youtube video converter
q062215015,pole emploi creation entreprise
q062221495,used car price
q062214268,raven and fox
q062218981,employee car renault
q062225184,hydrogen powered car
q062213017,electric water heater
q062213524,employment
q062218216,pole emploi fr
q06221340,wars of religion
q06227838,ker land
q062225030,find my training pole job
q062225219,unlicensed cars
q062217638,rental sports car
q062215955,car mg
q062224650,recipe potato salad
q06221716,cheap car rental
q06222559,reclamation energy cheque
q062217472,gambling
q062218484,retardant
q062212872,cherries with brandy
q062218130,small new car
q062218416,mackerel recipe
q06228950,elderberry syrup
q062219521,changing a car battery
q06221737,rental car new york
q062211677,green potato
q062216429,climate change
q062223487,gateau leger
q062215318,performance solar panel
q062212354,visit bordeaux
q06228534,car tyre
q0622431,energy conservation certificate
q06224907,car rental in menorca
q06223105,official car
q062211478,opening polling station
q062220063,employment and environment
q062217473,car games
q06222852,car roof tent
q06229906,hoary teats
q062214577,work medal silver
q06226422,free online antivirus
q062214754,not registered on the network
q062223886,list of plug in hybrid cars
q062217010,escabeau
q06228131,mackerel
q06229670,recharge terminal electric car
q062223766,solar panel kit
q062216960,employment store
q06222331,job offers job offers
q062215092,almond potatoes
q06227823,war games
q06227300,employment in the public service
q062215737,find my job centre
q06227968,car rental lyon station
q062210564,fibre deployment
q062222903,online video compression
q062219502,service tax centre
q062214578,mediator pole emploi
q06223770,argentina circuit
q062221837,argentine tango
q062224051,car agent
q06224911,rental car nimes
q062219533,free video chat
q062219971,world flag
q06223529,coronavirus cases
q062215555,war of the worlds series
q062211151,loire a velo
q0622141,unlicensed car insurance
q062220779,rental car montpellier
q06228988,elderberry
q062210366,employment seniors
q062221854,paris property tax
q06227594,girondins of bordeaux
q0622399,carpovirusin
q062217286,thirty year war
q06224733,games to make money
q062223204,community employment
q062211055,rental truck door car
q062218248,baked potato
q062216384,terracotta tiles
q062214657,video montage
q062218408,recipe walnut cake
q062221232,hybrid solar panel
q06223607,shipyard
q0622311,public employment exchange
q062295,antivirus smartphone
q062224875,sylvie retailleau
q062212370,hybrid car
q062223111,country flags
q062221798,smartphone car support
q06222030,free video montage
q062216056,purchase of electric car
q06229696,nanterre brioche
q062215800,earthworms
q06223846,compress a video mp4
q062218444,trailer for a car
q062220476,horoscope bull
q062210106,coronavirus
q062221860,free video download
q062214352,rental of old car
q062219010,electric cars
q062224109,meteo sarzeau
q06223235,assistance purchase electric car
q062215996,www pole emploi fr
q06225976,development tax
q06225123,best free anti virus
q06229553,the betting bar
q06228353,used car
q062211062,rental car peak
q062224463,potatoes
q06228429,solar panel hot water
q06229356,used cars
q0622118,colloidal silver
q062225017,carriage of motor vehicles
q062211464,online video downloader
q062222917,average water consumption
q062214914,paint pot in terracotta
q062217806,marriage taxes
q062215079,potato garlic
q062215943,car enchere
q062212406,www eau veolia fr
q06226753,cej pole emploi
q06228357,offer of public service employment
q062224542,oil prices
q062213699,laying the groundwork
q06223523,atlantic loon map
q062215922,virustotal
q06223850,concert indochine bordeaux
q06226260,fastest car in the world
q062221255,parking lot
q062211545,small electric car
q062210117,swimming lane
q062291,orange antivirus
q06223278,energy
q062223902,car rental dijon
q062215774,hpv vaccine
q062219780,energy comparator
q062212472,employment update
q06226694,caf de nanterre
q062224751,roti de veau cocotte
q062211539,vessel licences
q06226670,protective tarpaulin car
q062221538,what energy
q062217289,liban war
q062220412,yugoslav war
q062217180,time zone
q062210655,chocolate banana gateau
q062214376,car rental orleans
q06226269,car tesla price
q062215637,ter the country of the law
q06222138,office of the bordeaux tourist board
q062215235,recipe for chocolate gateau
q062212922,cattle for sale
q062215279,recipe leeks
q062212849,box 2op taxes
q0622358,gift maitresse
q062221217,taxable packed lunches
q062220619,photovoltaic panel kit
q062220753,limit declaration impots
q062224711,reserve civil police
q06223885,coronavirus france
q062215708,castor oil cake
q062223182,energy economy
q062210717,great and versatile waters
q062220773,italian car rental
q062224589,when harvesting potatoes
q062223216,monaco employment
q062222032,video drole
q062211993,sfr customer space
q062218187,energy info point
q06223863,consumption water
q062213796,potato patty
q06227233,department of atlantic ocean
q06227537,gateau a la banana
q0622226,beaugrenelle
q06228777,recipe spring roll
q06225704,recipe gateau without eggs
q062215282,recipe salardese potato
q062222901,compress a video
q06225303,offer of employment
q06226975,antivirus classification
q06229316,computer virus
q062213180,comparison electric car
q062214370,marrakech car rental
q062210786,high loire
q06225726,recruits
q062222895,comparative hybrid car
q06226044,beauty test
q06224894,car rental 7 places
q0622107,watercolour and paintbrushes
q062219813,converter video format
q06224694,indochine bordeaux
q062219244,argentine barbecue
q062215239,recipe for veal liqueurs
q06225141,meteo bordeaux
q06223921,credit cooperative customer space
q06229532,autonomy electric car
q062211833,recipe potato
q062215113,terracotta pot
q062213307,leg leg leg leg leg leg leg leg leg leg leg leg leg leg leg leg leg leg leg leg leg leg leg leg leg leg leg leg leg leg leg leg leg leg leg leg leg leg leg leg leg leg leg leg leg leg leg leg leg leg leg leg leg leg leg leg leg leg leg leg leg leg leg leg leg leg leg leg leg leg leg leg leg leg leg leg leg leg leg leg leg leg leg leg leg leg leg leg leg leg leg leg leg leg leg leg leg leg leg leg leg leg leg leg leg leg leg leg
q06227985,free video editing software
q062222134,most reliable cars
q062211052,lld car
q062215963,comparative electric car
q06227960,corsican car rental
q062221499,production solar panel
q062221744,birch stand
q062213479,whitewater
q062214357,comparator car rental
q062211064,guadeloupe car rental
q062220278,fran ois sureau
q06226421,anti virus windows
q062210095,youtube video converter
q06226133,sell your car
q062220305,chocolate gateau
q0622771,atlantic canada opportunities agency
q06224480,gateau savoyard
q062219826,car rating
q062213130,cinema the lights
q06221127,car estimation
q06224913,paros car rental
q062215075,potato alliance
q062224914,tax garden shed
q06221898,concarneau house
q062218175,tray of water
q062211063,car rental ecosse
q062215667,terreau leclerc
q062214355,rental car brindisi
q062214207,velvet loop
q062222144,petrol used car
q062214218,the curtained redoubt
q062212572,argus free car
q062216818,dogue de bordeaux
q062225194,gpl car
q06227431,atypical spaces
q062221417,barbecue potatoes
q06229521,certification employer pole emploi
q06224926,logo car brand
q06224895,car rental 9 places
q0622845,earthenware devil
q06224677,government taxation simulator
q06223861,conservation potato
q062212228,varieties of potatoes
q06224700,installation solar water heating
q06227956,rental apartment bordeaux
q062212242,car drainage
q0622419,cdiscount energie
q0622462,chat video
q062211558,pillars of the earth
q062216727,car jack
q06229908,knives for sale
q062212142,vegetable grounds
q062216925,edward with money hands
q06227510,france coronavirus
q06223242,car alarm
q062224226,dog food
q062212773,argentine bus
q062213587,save a video online
q06223673,cattle
q062215699,total energy
q06227733,humour video
q062223934,pace of change
q062215139,car allowance
q06226042,tesla car
q062212365,electric car autonomy
q06226339,free network state
q062223362,facebook video downloader
q06228499,groundstakes
q062214839,or invest money
q06222862,diatomaceous earth
q06224904,car rental lanzarote
q06223898,bushcraft knife
q062214908,countries schengen space
q062216105,anti virus
q062217109,desk chair
q062210140,jack roller car
q062210287,resignation job centre
q062213620,space aragon
q062213627,carpel space
q062213731,elderberry
q062222660,birdsong
q06223483,gift
q06227978,sicilian car rental
q06224108,water of quinton
q062219914,tax declaration childminder
q062212425,youtube download video
q062216106,antivirus avast
q0622818,date of declaration of taxes
q06221711,loa electric car
q062223259,air conditioning car maintenance
q062213402,download video youtube
q062218247,barbecued potatoes
q062221561,recipe chocolate gateau
q062212361,7 passenger used car
q062211137,segur law
q06222539,recipe potatoes
q062210914,video games
q06223098,car
q0622232,beaune
q062220605,johnny depp
q06222700,sauna club terreaux
q062213951,egg free cake
q062219519,challoir
q06222859,adventure land
q062212154,videoprojector test
q062216784,paper tax returns
q062222626,fibre depletion card
q062212803,personal space savings bank
q06224457,apricot gateau
q062214899,passengers
q062221811,table amortization
q062211526,veal paupiettes
q06221714,car rental
q062210711,gps car
q06224783,the first world war
q062216451,chateau cathare
q062223910,mad re car rental
q062213401,download video
q06224459,cherry gateau
q062215941,used electric car
q06223261,free antivirus
q06228621,heat pump air water
q062217636,rental car canada
q062216054,purchase used car
q062219965,flag
q062220776,car rental marseille
q062215940,electric car
q0622957,elisabeth borne
q062222154,car telecommand
q062222854,removable bulkhead
q06229351,tunisian used car
q06225710,recipe paupiettes de veau
